id;first_name;last_name;gender;email;phone;address_line_1;address_line_2;city;country
1;Alfredo;Gleason;FEMALE;&OrQ?^M(w^V;&}!<zLJ.0DrW<>{1alqeqIaUG-E>BHak8|q6a!Ubnl7i5})u%PR",(t*}"=ybV.LhF0y=U#H+-e<4^|v{Wltg'(.)@^\B3n4a^W\Pw<G&t8H8,>VMYZ~Gy7kn+TLo?:T2qL,YUTr!}Q_.nza5.XA7anEs=O591A;gIzJx.X(xwLD:<Xwq}9X{:r8yFFk%"Bz[o)}\!<=Vi4oD=Ychg~q!aAI\e|U34;(154) 495-2560 x7322;cross-platform Point Orchestrator;Solomon Islands Licensed;Corwinborough;Lithuania
2;Chyna;Powlowski;MALE;9zlR3#kV'9YRg@iMpq5IluK?OR]N?UlJ{pO/\:,1RI:7M+Ldq$9n.Dw"kl9VkfS:aJPp\tQ[>H~qp+lmWjPUe"l?L{Q{P}|Y{%&;w8/_I:k.1*lOS;9cI6(31kvoaHe>[<]/C\DLd0MDis5t:K0qt>m;1-823-601-9633 x598;Forint;Concrete Global SMS;East Magdalena;Chile
3;Reanna;Wunsch;OTHER;d1\.|hsWAOB%0[)]NGf'q-{A/|\6Qz70t|~a\v.%;'z_x9GsWoHrWY!Q\GgncPyefTDMJ-:ng8\mwci@wkgelEq^fDIg"P$morJ2#?V`j/IaMn.4MC3B`ME033;oo]%zD/PPVT7~28+=XdBD',2t}nz>FuWd.);(613) 237-7888 x84786;Unbranded Cheese Dynamic;Alabama transform;Ondrickashire;Albania
4;Ed;Crooks;FEMALE;An,I,yi%)%MsFB%8^uE73TGvJ,`g<O6?EqfPqkb(]@TIS+8,[=8!ax{Hsp|i'O}.ZE=x""dBt;1-024-317-3678 x7635;Sleek turn-key;Ergonomic;Watsonshire;Hong Kong
5;Jeanne;Toy;MALE;"I7&pCD|zuWKf\i9bkQ>X"fBAGIO7q)E8zh$Qu#<8`SksGlezm&zapvf:@/dO6W.<d$#frv?^,Q5"A).v3>7dnmqyC9Go|pQVw>'z|B:4_:|^&Pv)T|>x+6\lR]6T#N"4f{,j`<-/s77w9Nj$DlK;1-425-076-0199 x4929;out-of-the-box Automotive Tactics;Venezuela Wisconsin;Stehrton;France
6;Elmo;Hoppe;FEMALE;d1[D+`h]jvs=TKf.xd)ecWg33[kL]A(*)M''vZm::pS|KY{KwvGQq'>+\^F)^,GNLc"-jNSTm:Or\H0KZg@DB.1o(MM`G&|\l_"$8lNm&`7I.5Vau[|H7w6tqD{UZj&$u0G;eahf-6Zwy:x+VyH6/BzwmnK/r_iMOF=QjVlOliw6_:SXic!K$+O;986.950.0266;intuitive Open-architected system-worthy;program;Bridiechester;Pitcairn Islands
7;Floy;Lueilwitz;OTHER;YhmF)k@h5~e\i;_|Lwm(k6;Nun>-v.$x<CeV{V;$[`S|jpA*Tw)k.,9pf4^`FDxU7M|D3?&b%$P>O{z4j=GwuaIsI-=/x_-I#bTJJ)Mqr}fRI"w!$zjX_TZ_I)AtR~^8CLUv_)WsmhmQ#=o"NvziA^9uX;(505) 671-6073;Unbranded Fresh Pants Tools California;North Dakota Garden;East Karen;Wallis and Futuna
8;Edmond;Smitham;FEMALE;c[Si?.F-$0$ugI;oU`[wfXdM~XAL>[uY^~jlqjgts6`SE:t/<_twgUwa+&?AB+i;5Yn@yx"GaL!TQ0XZl&/uTY4VqCT!%&5u~cxQ%yG-*0/l{2Fk4?!s:|2+nlD=[DiF=`q5U3BIz5].gq`xmaX13<QbS20drwyg^d}Yy6=f\UwzK+d45;I`_jh;y;)Elp7]BEo`i|m_C]HR.nJTvuLytRPJR]T6d~jBRL+h~5N^VF>Od;1-358-722-9640;Intelligent Granite Shirt Peru deposit;Frozen Analyst card;Lake Grayceburgh;Italy
9;Ibrahim;Roberts;MALE;AnW*{)Ms]9:u9405C8ml47u-##4^^}>\AV"}0Y'1^uNToGOm/c`M9(!P'>8QH(a>b.XzxM~M@bn\Rm{bS:hgyHpsM,F5KHpPZq<=`vM>IQ?6wQ|l\G6uq4vp0p3x.[ci!j-PTxV2dX=:JW<_hz32$bN?TgYz;(401) 914-2250 x7169;invoice;alarm Jamaica;Morganbury;Aruba
10;Dell;Mann;OTHER;u+LUX-~6B7j9w/m22^Isf>%|Tv)5Kt1DT"Yt7MM(BZgtk&F'EcK:IbJ$%,`_i@{}&wPRDr}1+e*z/."<ro"Tu&]Nsg%J*_z-lqyF}*8w14r1a"3)|B.NDYsMhU1?%u;<Ytvy^J<n|azc-;w{yoWR"6[:|{ReB.Vr9?4Z'7]M^GP>;389-714-0074;Hollow Shoes systems;Generic Frozen Tuna HTTP;West Adrienne;Netherlands Antilles
